{
  "name": "ng-busy",
  "version": "0.2.0",
  "homepage": "https://github.com/HackedByChinese/ng-busy",
  "authors": [
    "Mike Grabski <me@mikegrabski.com>"
  ],
  "description": "An AngularJS module for reacting to when your app is busy.",
  "main": "build/angular-busy.js",
  "keywords": [
    "angular",
    "angularjs",
    "ui",
    "button",
    "stateful"
  ],
  "license": "MIT",
  "ignore": [
    "**/.*",
    "node_modules",
    "bower_components",
    "test",
    "tests"
  ],
  "dependencies": {
    "angular": "~1.2.0"
  },
  "devDependencies": {
    "angular-mocks": "~1.2.0"
  },
  "_release": "0.2.0",
  "_resolution": {
    "type": "version",
    "tag": "0.2.0",
    "commit": "094b077bcc82632199df0a908ddb64e6f6a95eec"
  },
  "_source": "https://github.com/HackedByChinese/ng-busy.git",
  "_target": "0.2.0",
  "_originalSource": "ng-busy"
}